State,Affiliated CUs,Non Affiliated CUs,State Chartered,Fed Chartered,Total CUs,Affiliated Memberships,Affiliated Assets,Total Memberships,Total Assets,% CUs Affiliated,% Memberships Affiliated,% Assets Affiliated
Guam,2,0,0,2,2,60701,780299957,60701,780299957,1,1,1
Puerto Rico,3,2,0,5,5,97453,1154512302,101808,1184697442,0.6,0.9572234009,0.9745208026
Virgin Islands,3,2,0,5,5,13864,124426621,17556,157353221,0.6,0.7897015265,0.7907472132
Totals,8,4,0,12,12,172018,2059238880,180065,2122350620,0.6666666667,0.9553105823,0.9702632829
